Id,Label
Airbornemihir,Airbornemihir
145422,145422
Paintspot,Paintspot
Des Vallee,Des Vallee
M. Armando,M. Armando
Mirokado,Mirokado
Tomasz-Asiana-Ostrowski-2004,Tomasz-Asiana-Ostrowski-2004
Surtsicna,Surtsicna
Bergeronpp,Bergeronpp
Bettydaisies,Bettydaisies
Nick.mon,Nick.mon
Lent,Lent
KidAd,KidAd
Politicsfan4,Politicsfan4
Sdkb,Sdkb
AnomieBOT,AnomieBOT
Billmckern,Billmckern
FunnyMath,FunnyMath
BennTheResearcher,BennTheResearcher
AleatoryPonderings,AleatoryPonderings
DaveTheBrave,DaveTheBrave
Andrew nyr,Andrew nyr
QuietHere,QuietHere
AlsoWukai,AlsoWukai
HyettsTheGamer2,HyettsTheGamer2
Srodgers1701,Srodgers1701
GoodDay,GoodDay
Ganesha811,Ganesha811
Felix558,Felix558
420Prince1012,420Prince1012
EEng,EEng
Samtondiaz,Samtondiaz
Lord Stephenson,Lord Stephenson
Oeoi,Oeoi
RedPatchBoy,RedPatchBoy
Cpotisch,Cpotisch
AbelAndCain,AbelAndCain
Thanoscar21,Thanoscar21
Flix11,Flix11
LuanLoud,LuanLoud
Sahaib3005,Sahaib3005
DoulosBen,DoulosBen
Javert2113,Javert2113
Editorforwiki15,Editorforwiki15
Ciaran.london,Ciaran.london
Sky Harbor,Sky Harbor
Pennsylvania2,Pennsylvania2
RuleTheWiki,RuleTheWiki
QuantumRealm,QuantumRealm
EditQwerty,EditQwerty
Lz2023,Lz2023
Jokullmusic,Jokullmusic
Wikipageedittor099,Wikipageedittor099
Suffusion of Yellow,Suffusion of Yellow
Cards84664,Cards84664
Elonka,Elonka
Pvmoutside,Pvmoutside
JLo-Watson,JLo-Watson
Hulged,Hulged
Toddst1,Toddst1
DanJWilde,DanJWilde
Jonesey95,Jonesey95
Anon0098,Anon0098
Davidgoodheart,Davidgoodheart
Angelic Wraith,Angelic Wraith
RedHotPear,RedHotPear
12george1,12george1
TheSouthernIrishman,TheSouthernIrishman
1857a,1857a
Toadmore,Toadmore
Eemiratess,Eemiratess
AndriiDr,AndriiDr
Psherman122,Psherman122
Super Cyclonic Storm Corona,Super Cyclonic Storm Corona
Eccekevin,Eccekevin
Zarex,Zarex
BizarreLoveTriangle,BizarreLoveTriangle
Elijahandskip,Elijahandskip
TobiasRagg2001,TobiasRagg2001
SomeBodyAnyBody05,SomeBodyAnyBody05
White whirlwind,White whirlwind
Elizium23,Elizium23
Indy beetle,Indy beetle
Popcornfud,Popcornfud
5 albert square,5 albert square
Gen. Quon,Gen. Quon
Wester,Wester
Prinsgezinde,Prinsgezinde
HAL333,HAL333
Iamreallygoodatcheckers,Iamreallygoodatcheckers
Quaerens-veritatem,Quaerens-veritatem
Onetwothreeip,Onetwothreeip
Wodgester,Wodgester
QuestFour,QuestFour
Fep1970,Fep1970
Basil the Bat Lord,Basil the Bat Lord
EdgarCabreraFariña,EdgarCabreraFariña
Yodabyte,Yodabyte
Woko Sapien,Woko Sapien
AllegedlyHuman,AllegedlyHuman
Aguilac,Aguilac
Seven Pandas,Seven Pandas
Richwales,Richwales
Tartan357,Tartan357
The Professor (Time Lord),The Professor (Time Lord)
Hildeoc,Hildeoc
HappyWanderer15,HappyWanderer15
Sayden,Sayden
Dyaluk08,Dyaluk08
Nirvanaoreilly,Nirvanaoreilly
Proscribe,Proscribe
DonFB,DonFB
B64,B64
ProcrastinatingReader,ProcrastinatingReader
Eyer,Eyer
Goodreg3,Goodreg3
FeydHuxtable,FeydHuxtable
TomCat4680,TomCat4680
J 1982,J 1982
Monkbot,Monkbot
Reddevil0728,Reddevil0728
Onghai1929,Onghai1929
Terry g. bishop,Terry g. bishop
DividedFrame,DividedFrame
Mottezen,Mottezen
Frodar,Frodar
Yeungkahchun,Yeungkahchun
Npthura,Npthura
Diopic,Diopic
Muboshgu,Muboshgu
X4n6,X4n6
Interstellarity,Interstellarity
Vrrajkum,Vrrajkum
TehPlaneFreak,TehPlaneFreak
Maxeto0910,Maxeto0910
ImYourTurboLover,ImYourTurboLover
Tpdwkouaa,Tpdwkouaa
Kind Tennis Fan,Kind Tennis Fan
Alex B4,Alex B4
SNUGGUMS,SNUGGUMS
Deancarmeli,Deancarmeli
ReferenceMan,ReferenceMan
Andrewl1995,Andrewl1995
ValarianB,ValarianB
3Kingdoms,3Kingdoms
Sleyece,Sleyece
Pseud 14,Pseud 14
The One I Left,The One I Left
Mitchellhobbs,Mitchellhobbs
Citation bot,Citation bot
Snowded,Snowded
Willform,Willform
LD1998,LD1998
Bokmanrocks01,Bokmanrocks01
Starkenborgher,Starkenborgher
HueMan1,HueMan1
Raja1011,Raja1011
嘉傑,嘉傑
Willbb234,Willbb234
Newone,Newone
ProhibitOnions,ProhibitOnions
Hairy Dude,Hairy Dude
GreenC bot,GreenC bot
Thomascampbell123,Thomascampbell123
Lovin'Politics,Lovin'Politics
MrloniBoo,MrloniBoo
Slatersteven,Slatersteven
Trillfendi,Trillfendi
ScienticGuy,ScienticGuy
OgamD218,OgamD218
AManWithNoPlan,AManWithNoPlan
Kudzu1,Kudzu1
JohnFromPinckney,JohnFromPinckney
Brucejoel99,Brucejoel99
Go Phightins!,Go Phightins!
ChipotleHater,ChipotleHater
Juno,Juno
Starship.paint,Starship.paint
Danloud,Danloud
CaliIndie,CaliIndie
Triggerhippie4,Triggerhippie4
Saidur Mursalin,Saidur Mursalin
INeedSupport,INeedSupport
Normchou,Normchou
Aoi,Aoi
Mythlike-Cell,Mythlike-Cell
Johnjoshua1,Johnjoshua1
Aquila89,Aquila89
Bernspeed,Bernspeed
