Id,Label
Lk95,Lk95
60292990,60292990
Ss112,Ss112
JDDJS,JDDJS
Heroeswithmetaphors,Heroeswithmetaphors
Tony1,Tony1
Kim Leung,Kim Leung
Purplehaze45,Purplehaze45
Starcheerspeaksnewslostwars,Starcheerspeaksnewslostwars
ScottStephenJones,ScottStephenJones
AshMusique,AshMusique
WHOISRED?,WHOISRED?
Doggy54321,Doggy54321
Lrt000,Lrt000
TF0771,TF0771
Joshanoai,Joshanoai
OiBruvYouAreNibba,OiBruvYouAreNibba
Zartley,Zartley
Rangel Carregosa,Rangel Carregosa
Jackedano,Jackedano
L37Sam,L37Sam
BrandNew Jim Zhang,BrandNew Jim Zhang
Annoyedhumanoid,Annoyedhumanoid
CountyCountry,CountyCountry
Lowryder71,Lowryder71
Captainamerica099,Captainamerica099
SimonLagann,SimonLagann
Wesborden,Wesborden
Stussll,Stussll
Castncoot,Castncoot
Mypetitebijou,Mypetitebijou
Brojam,Brojam
SomerIsland,SomerIsland
Gleeanon409,Gleeanon409
Penguino35,Penguino35
