Id,Label
Sampajanna,Sampajanna
11214029,11214029
El C,El C
2600:8805:2003:B00:6177:D8B8:5D77:570,2600:8805:2003:B00:6177:D8B8:5D77:570
DrKay,DrKay
DragonFederal,DragonFederal
Bettydaisies,Bettydaisies
Suge13,Suge13
Surtsicna,Surtsicna
Textorus,Textorus
RMCD bot,RMCD bot
Jontel,Jontel
Alanscottwalker,Alanscottwalker
Ivanvector,Ivanvector
Glenmeister,Glenmeister
Jaguar,Jaguar
Robidy,Robidy
SigKauffman,SigKauffman
Rfl0216,Rfl0216
Peter Ormond,Peter Ormond
Moonraker,Moonraker
InEventOf,InEventOf
Keivan.f,Keivan.f
Baeleigh,Baeleigh
Jeremy Hulber,Jeremy Hulber
Crystalfile,Crystalfile
Aquila89,Aquila89
No Swan So Fine,No Swan So Fine
Britmax,Britmax
Editz.123,Editz.123
Gjwang0,Gjwang0
Rutherford 23,Rutherford 23
Kind Tennis Fan,Kind Tennis Fan
Philip Cross,Philip Cross
Citation bot,Citation bot
Classicfilms,Classicfilms
Brainulator9,Brainulator9
WhisperToMe,WhisperToMe
Robin Patterson,Robin Patterson
Gaia Octavia Agrippa,Gaia Octavia Agrippa
Iranazad,Iranazad
Martinevans123,Martinevans123
Zvikorn,Zvikorn
